Owner;Country;Visitors;New visitors;Pageviews;Events;Sessions
Amazon Office;USA;79;68;124;0;114
Athenahealth;USA;45;23;313;0;119
Capita Business Services Ltd;UK;23;6;245;0;179
Administracion Nacional de Telecomunicaciones;Uruguay;20;18;29;0;27
Citigroup;USA;19;19;19;0;19
Anthem Blue Cross Blue Shield;USA;17;16;19;0;18
BFS-49;USA;16;14;45;0;36
Apple;USA;15;13;16;0;16
Capital One Financial Corporation;USA;13;13;13;0;13
Barclays Capital;UK;12;11;16;0;16
CIGNA;USA;11;9;61;0;59
American Express Company;USA;11;11;12;0;12
2M-IT Oy;Finland;10;4;45;0;36
#15E2;USA;10;10;12;0;12
Amdocs Development Centre India Llp;India;10;10;10;0;10
Atos Infogerance SAS;France;9;8;12;0;11
Ace Ina Holdings;USA;9;9;10;0;10
Capgemini India Pvt;India;9;9;9;0;9
Childrens Hospital and Regional Medical Center;USA;8;6;22;0;16
Bank of America;USA;8;8;8;0;8
Capgemini U.S. LLC;France;8;8;8;0;8
Credit Suisse Group;India;8;8;8;0;8
Alibaba;USA;7;5;116;0;19
Association of users of Ukrainian Research & Acade;Ukraine;7;6;29;0;28
BMW;Germany;7;7;9;0;9
Automatic Data Processing;USA;7;7;7;0;7
Bnp Paribas S.A;France;7;6;7;0;7
Carry Telecom;Canada;7;7;7;0;7
CIRB-CIBG;Belgium;6;2;30;0;26
Baystate Health;USA;6;3;19;0;19
Alibaba;China;6;6;18;0;10
Associacao Rede Nacional de Ensino e Pesquisa;Brazil;6;4;12;0;8
Citigroup;European Union;6;5;8;0;8
A1 Makedonija;Macedonia;6;6;7;0;7
Andhra Pradesh State FiberNet Limited;India;6;6;7;0;7
A1 Belarus;Belarus;6;6;6;0;6
Aetna;USA;6;6;6;0;6
Agence Tunisienne d'Internet;Tunisia;6;6;6;0;6
Chunghwa Telecom;Taiwan;6;6;6;0;6
Citibank N.A. - ISP Peering;India;6;6;6;0;6
Computer Sciences Corporation;USA;6;5;6;0;6
Converge;Philippines;6;6;6;0;6
DB Systel GmbH;Germany;6;5;6;0;6
Amanah Tech;Canada;5;4;28;0;23
Assistive Networks and technologies Pvt;India;5;4;12;0;12
Conjoinix Technologies Pvt;India;5;5;12;0;12
Cybersmart;South Africa;5;3;12;0;6
Alibaba;Hong Kong;5;5;10;0;9
CollectiveHealth;USA;5;4;8;0;8
American Express Banking Corp;India;5;5;7;0;7
Consortium GARR;Italy;5;5;7;0;7
Allstream;Canada;5;5;6;0;5
Amazon Office;Germany;5;5;6;0;6
Barclays Capital;Asia-Pacific;5;5;6;0;6
Bulsatcom EAD;Bulgaria;5;5;6;0;6
Andrews & Arnold Ltd;UK;5;5;5;0;5
Bank of Montreal;Canada;5;5;5;0;5
Bell Atlantic;USA;5;5;5;0;5
BlackRock Financial Management;USA;5;5;5;0;5
California Education and Research Federation Netwo;USA;5;5;5;0;5
Continental Broadband Pennsylvania;USA;5;5;5;0;5
Computer Sciences Corporation;UK;4;3;20;0;5
Camtel;Cameroon;4;4;11;0;11
BH Telecom d.d. Sarajevo;Bosnia and Herzegovina;4;4;9;0;8
American Esoteric Laboratories;USA;4;1;8;0;8
Blue Cross Blue Shield of Illinois or Blue Cross B;USA;4;4;6;0;6
Cambrium IT Services B.V;Netherlands;4;4;6;0;6
Ctinet Solucoes Em Conectividade E Informatica Ltd;Brazil;4;4;6;0;6
Cyberlink AG;Switzerland;4;3;6;0;5
AKNET;Kyrgyzstan;4;4;5;0;5
AirFiber Networks Pvt;India;4;4;5;0;5
Anjani Broadband Solutions Pvt.ltd;India;4;4;5;0;5
Bloomberg;USA;4;4;5;0;5
CGI Group;Canada;4;4;5;0;5
CIBC World Markets;Canada;4;4;5;0;5
Choopa;Japan;4;3;5;0;5
Clear-access;South Africa;4;4;5;0;5
AS INFONET;Estonia;4;4;4;0;4
AXS Bolivia S. A;Bolivia;4;4;4;0;4
Absa Bank;South Africa;4;4;4;0;4
Aegon USA;USA;4;4;4;0;4
AllTele;Sweden;4;4;4;0;4
Amdocs (israel) Ltd;Israel;4;4;4;0;4
Australia and New Zealand Banking Group Limited;Australia;4;4;4;0;4
AutoEverSystems Corp;South Korea;4;4;4;0;4
BelWue University Network;Germany;4;4;4;0;4
Caterpillar;USA;4;4;4;0;4
Cdiscount SA;France;4;4;4;0;4
Centurylink-legacy-lvlt;USA;4;3;4;0;4
Charles Schwab & Co;USA;4;4;4;0;4
Choopa;USA;4;4;4;0;4
Company with additional responsibility Company BES;Ukraine;4;4;4;0;4
Connect Communications;Pakistan;4;4;4;0;4
Angelsoft ET;Bulgaria;3;1;54;0;14
Adventist Health Systems SSCI;USA;3;1;53;0;16
Clinical Pathology Laboratories;USA;3;0;40;0;13
Accenture UK Limited;Latvia;3;0;29;0;25
CentraCare Health;USA;3;0;21;0;9
Cedars-Sinai Health Systems;USA;3;0;20;0;11
Carolinas Healthcare System;USA;3;2;19;0;15
Centene Corporation;USA;3;3;17;0;16
Brasilnet Telecomunicacoes Ltda ME;Brazil;3;3;12;0;7
Ascension-texas;USA;3;2;9;0;8
CHAS Health;USA;3;1;9;0;9
Axiom Technologies LLC;USA;3;0;8;0;7
CGI Suomi Oy;Finland;3;1;8;0;7
Claranet Ltd;UK;3;2;7;0;7
Allstate Insurance Company;USA;3;2;6;0;4
Axxess Networks;South Africa;3;1;6;0;4
Condointernet.net;USA;3;2;6;0;3
#15E2;Slovakia;3;3;5;0;4
3S S.A;Poland;3;3;5;0;4
Altima Telecom;Canada;3;3;5;0;4
Business Network Ltd;Belarus;3;3;5;0;5
Caixa Economica Federal;Brazil;3;1;5;0;5
DNIC;USA;3;3;5;0;5
Alberta Health Services;Canada;3;3;4;0;3
Altice Dominicana S.A;Dominican Republic;3;3;4;0;4
Azteca Comunicaciones Colombia;Colombia;3;3;4;0;4
BLUE COAT SYSTEMS;Singapore;3;3;4;0;4
BlackRock Financial Management;UK;3;3;4;0;4
Blue Stream;USA;3;3;4;0;4
Capgemini U.S. LLC;Netherlands;3;1;4;0;4
Credit Suisse Group;USA;3;2;4;0;4
Credit Suisse Group;UK;3;3;4;0;4
CyrusOne LLC;USA;3;3;4;0;3
9mobile;Nigeria;3;3;3;0;3
AMDOCS;USA;3;3;3;0;3
Accenture LLP;USA;3;3;3;0;3
Adobe-net-infra;India;3;3;3;0;3
Airtel Kenya;Kenya;3;3;3;0;3
Alight Solutions LLC;USA;3;3;3;0;3
Allo Communications LLC;USA;3;2;3;0;3
Allstream;USA;3;3;3;0;3
Ameren Corp;USA;3;3;3;0;3
Amerisourcebergen;USA;3;3;3;0;3
Aria Shatel Company Ltd;Iran;3;3;3;0;3
Atlantech Online;USA;3;3;3;0;3
Avago Technologies U.S;USA;3;3;3;0;3
BBT;USA;3;3;3;0;3
BPCE S.A;France;3;3;3;0;3
Baktelekom;Azerbaijan;3;2;3;0;3
Barclays Capital;USA;3;3;3;0;3
Bell MTS;Canada;3;3;3;0;3
CYTA;Cyprus;3;3;3;0;3
Capitec-bank-limited;South Africa;3;3;3;0;3
Centro de Informatica e Automacao do Estado de SC;Brazil;3;2;3;0;3
Citigroup;Asia-Pacific;3;3;3;0;3
City of Philadelphia;USA;3;3;3;0;3
Cybage Software Pvt;India;3;3;3;0;3
Block Solutions Ltd;UK;2;1;255;0;46
Briz;Ukraine;2;1;45;0;14
ABN;Russia;2;0;27;0;8
Chequamegon Communications Cooperative;USA;2;1;20;0;20
Consorci de Serveis Universitaris de Catalunya;Spain;2;2;14;0;11
Alpheus Data Services;USA;2;2;10;0;10
Administration of Sakhalin Region;Russia;2;1;7;0;7
China Unicom Guangzhou;China;2;2;7;0;3
Applied Materials;USA;2;1;6;0;5
Christus Health;USA;2;0;6;0;6
Alaska Communications;USA;2;2;5;0;5
Bnp Paribas S.A;Belgium;2;2;5;0;3
Bredband i Kristianstad AB;Sweden;2;2;5;0;3
County Of Sonoma;USA;2;2;5;0;5
8 Shenton Way;China;2;2;4;0;3
AXA Technology Services UK Limited;Switzerland;2;2;4;0;4
Beanfield Technologies;Canada;2;2;4;0;4
Brown Brothers Harriman & Company;USA;2;2;4;0;4
China Unicom Shenzen;China;2;2;4;0;2
Alcort Ingenieria Y Asesoria S.l;Spain;2;1;3;0;3
Allianz Technology SE;France;2;2;3;0;3
Artec Telecomunicaciones Limitada;Chile;2;0;3;0;3
Ask4 Limited;UK;2;2;3;0;3
Atlantic Metro Communications;USA;2;2;3;0;3
Blue Cross Blue Shield of Massachusetts;USA;2;2;3;0;3
CBizz B.V;Netherlands;2;1;3;0;3
Cerner Corporation;USA;2;2;3;0;3
China Education and Research Network Center;China;2;2;3;0;3
Classic Tech Pvt;Nepal;2;2;3;0;3
Click Net Link Informatica E Telecomunicacoes Ltda;Brazil;2;2;3;0;3
Cloudflare Warp;Spain;2;2;3;0;3
Conduent Business Services;USA;2;1;3;0;3
Credit Acceptance Corporation;USA;2;1;3;0;3
Credit Suisse Group;Singapore;2;2;3;0;3
2talk Global IP Network;New Zealand;2;2;2;0;2
ACCESSKENYA GROUP LTD is an ISP serving;Kenya;2;1;2;0;2
AIRWAYNET;Czech Republic;2;2;2;0;2
ANTIK Telecom s.r.o;Slovakia;2;2;2;0;2
ATENA Uslugi Informatyczne i Finansowe S.A;Poland;2;2;2;0;2
AVONET;Czech Republic;2;2;2;0;2
Accenture UK Limited;USA;2;2;2;0;2
Acturis Ltd;UK;2;2;2;0;2
Adobe Systems;USA;2;2;2;0;2
Africainx;South Africa;2;2;2;0;2
Airtel Uganda;Uganda;2;2;2;0;2
Albaraka Turk Katilim Bankasi A.S;Turkey;2;2;2;0;2
Alberta Treasury Branches;Canada;2;2;2;0;2
Alcatel-Lucent;USA;2;2;2;0;2
Allegiance Healthcare Corporation;USA;2;2;2;0;2
AmberIT Limited;Bangladesh;2;2;2;0;2
American Airlines;USA;2;2;2;0;2
American Express Travel Related Services Company;UK;2;2;2;0;2
Angkor Data Communication;Cambodia;2;2;2;0;2
Anvia Oyj;Finland;2;2;2;0;2
Aofei Data International Company Limited;Hong Kong;2;2;2;0;2
Apple;UK;2;2;2;0;2
Apple Broadband Services Pvt;India;2;2;2;0;2
Arris Group;USA;2;2;2;0;2
Arrowstreet Capital;USA;2;2;2;0;2
Arthur J. Gallagher & Co;USA;2;1;2;0;2
Asia Pacific Broadband Fixed Lines Co;Taiwan;2;2;2;0;2
Atel Telecom;Brazil;2;2;2;0;2
Avago Technologies U.S;India;2;2;2;0;2
Avato Tecnologia;Brazil;2;2;2;0;2
Axis Communications AB;Sweden;2;2;2;0;2
Azercell Telecom Ltd Azerbaijan-Turkey Joint Ventu;Azerbaijan;2;2;2;0;2
BDCOM;Bangladesh;2;2;2;0;2
BKK Digitek;Norway;2;2;2;0;2
Bank for International Settlements (BIS);Switzerland;2;2;2;0;2
Batelco Jordan;Jordan;2;2;2;0;2
Belastingdienst/Centrum voor Infrastructuur en Exp;Netherlands;2;2;2;0;2
Bell Mobility;Canada;2;2;2;0;2
Black Knight IP Holding Company;USA;2;2;2;0;2
BlackBerry Limited;Canada;2;2;2;0;2
Bloomberg;UK;2;2;2;0;2
Blue Cross And Blue Shield Of Iowa;USA;2;2;2;0;2
Booz Allen Hamilton;USA;2;2;2;0;2
Broadband Solutions Pty;Australia;2;2;2;0;2
Buckeye Cablevision;USA;2;2;2;0;2
Burlington Northern Sante Fe Railway Corp;USA;2;2;2;0;2
Bvnet S.A;Argentina;2;2;2;0;2
C.S.E. Consorzio Servizi Bancari Soc. Cons. a r.l;Italy;2;2;2;0;2
CATV / ISP;Philippines;2;2;2;0;2
CCNST Deutschland GmbH;Germany;2;2;2;0;2
CILNET Comunicacao e Informatica LTDA;Brazil;2;2;2;0;2
CITIC Telecom International CPC Limited;Hong Kong;2;2;2;0;2
CS LoxInfo;Thailand;2;2;2;0;2
CYTA;Greece;2;2;2;0;2
California Technology Agency;USA;2;2;2;0;2
Call Flow Solutions Ltd;UK;2;2;2;0;2
Cerner Corporation Pty Limited;India;2;2;2;0;2
Cgi Technologies And Solutions;USA;2;2;2;0;2
Chevron;Asia-Pacific;2;2;2;0;2
Cia Proc. de Dados do Estado de S Paulo - Prodesp;Brazil;2;2;2;0;2
Cifrovye Dispetcherskie Sistemy;Ukraine;2;1;2;0;2
Cisco OpenDNS;USA;2;2;2;0;2
City of Hope Medical Center;USA;2;2;2;0;2
CityOnline Services;India;2;2;2;0;2
Clicksoftware Technologies LTD;Israel;2;2;2;0;2
Cloudie Limited;Hong Kong;2;2;2;0;2
Clouditalia Telecomunicazioni S.p.A;Italy;2;2;2;0;2
Coinfirm Ltd;Poland;2;1;2;0;2
Colorado State University;USA;2;2;2;0;2
Columbia University;USA;2;2;2;0;2
Comcel Guatemala;Guatemala;2;2;2;0;2
Commonwealth of KentuckyDepartment of Information;USA;2;2;2;0;2
Compenterprise;USA;2;2;2;0;2
Comporium;USA;2;2;2;0;2
Compton Communications;Canada;2;2;2;0;2
Comvergence;Australia;2;2;2;0;2
Comwire Cloud Pty;Australia;2;2;2;0;2
CoreSite;USA;2;2;2;0;2
Cosmonova LLC;Ukraine;2;2;2;0;2
Cosmos Tv Jllc;Belarus;2;2;2;0;2
Ctc. Corp S.A. (telefonica Empresas);Chile;2;1;2;0;2
DGC Access AB;Sweden;2;2;2;0;2
DSW Information Technology LLC;USA;2;2;2;0;2
CHIREC asbl;Belgium;1;0;53;0;12
ColoUp;USA;1;1;18;0;11
C2m Servicos De Informatica E Telecomunicacoes;Brazil;1;1;13;0;8
Bnet Solucoes Em Internet Ltda-me;Brazil;1;0;11;0;8
Aakash Internet Services Private Limited;India;1;0;10;0;10
AcenTek;USA;1;1;8;0;4
Afriq-Network-Solutions;Kenya;1;1;8;0;8
Ai Networks Limited;UK;1;0;6;0;2
Benchmark Infotech Services Pvt.Ltd;India;1;1;6;0;2
Contato Internet EIRELI;Brazil;1;0;6;0;6
Ball State University;USA;1;0;5;0;2
Cjsc Genbank;Russia;1;0;5;0;5
Alaska Native Medical Center;USA;1;0;4;0;3
Anstalt des oeffentlichen Rechts;Germany;1;1;4;0;1
Arabian Internet & Communications Services Co.ltd;Saudi Arabia;1;1;4;0;4
Artfiles New Media GmbH;Germany;1;0;4;0;1
Beskid Media Sp.zoo;Poland;1;1;4;0;4
CHSPSC;USA;1;1;4;0;3
Caspian Telecom LLC;Azerbaijan;1;0;4;0;2
Cellcom;USA;1;1;4;0;3
County of San Bernardino;USA;1;0;4;0;3
ABAX;Norway;1;1;3;0;3
AMOBIA;South Africa;1;0;3;0;3
Activium Information Design SAS;France;1;1;3;0;3
Affarsverken Karlskrona AB;Sweden;1;1;3;0;3
Artmotion Sh.p.k;Republic of Serbia;1;1;3;0;3
Atlantic.net;USA;1;1;3;0;1
Atmoso Limited;UK;1;1;3;0;3
Banque Pictet & Cie SA;Switzerland;1;1;3;0;2
Blix Solutions;Norway;1;1;3;0;3
City of Tacoma;USA;1;1;3;0;3
City of Westfield (Gas & Electric Light Department;USA;1;1;3;0;3
Comunicaciones Netglobalis S.A;Chile;1;0;3;0;3
Cosmote Mobile Telecommunications S.A;Greece;1;1;3;0;3
5x5 Telecom;USA;1;1;2;0;1
AB SEB bankas;Lithuania;1;1;2;0;2
ABN AMRO Bank N.V;Netherlands;1;1;2;0;2
ALADDIN R.D. Ltd;Russia;1;1;2;0;2
APA-IT Informations Technologie G.m.b.H;Austria;1;1;2;0;2
AXA Insurance UK plc;UK;1;1;2;0;2
Accelerated Connections;Canada;1;1;2;0;2
Agility Applications Pty;Australia;1;1;2;0;2
Alfa Telecom CJSC;Kyrgyzstan;1;1;2;0;2
Altecom;Spain;1;1;2;0;2
American Internet Services;USA;1;1;2;0;2
Arkaden Konsult AB;Sweden;1;0;2;0;2
Arvato Systems GmbH;Germany;1;1;2;0;2
Arya Sepehr Ettelarasan Tehran PLC;Iran;1;1;2;0;2
Aspire Technology Solutions Ltd;UK;1;1;2;0;2
AutoScout24 GmbH;Germany;1;1;2;0;2
Automated Financial Systems;USA;1;1;2;0;2
AxcelX Technologies LLC;USA;1;0;2;0;1
Bangladesh Online;Bangladesh;1;1;2;0;2
Bank Leumi le-Israel B.M;Israel;1;1;2;0;2
Barracuda Networks;USA;1;1;2;0;2
Bedag Informatik AG;Switzerland;1;1;2;0;2
Beehive Broadband;USA;1;1;2;0;2
Beijing Qihu Technology Company Limited;China;1;1;2;0;2
BeotelNet-ISP d.o.o;Republic of Serbia;1;1;2;0;2
Best Buy Co;USA;1;1;2;0;2
Bioniq-Ltd;South Africa;1;1;2;0;2
Bjc Health System;USA;1;0;2;0;2
Bluestem Brands;USA;1;1;2;0;2
Bresco Broadband;USA;1;0;2;0;1
CSL Limited;Hong Kong;1;1;2;0;2
Canopy Partners;USA;1;0;2;0;2
Capgemini Polska Sp. z o.o;Poland;1;1;2;0;2
Capitalonline Data Service Co;Hong Kong;1;0;2;0;2
Carahsoft Technology Corp;USA;1;1;2;0;2
Carilion Health System;USA;1;1;2;0;2
Caucasus digital network;Georgia;1;1;2;0;2
Cesena Net S.r.l;Italy;1;1;2;0;2
China Telecom (Group);China;1;0;2;0;2
City University of Hong Kong;Hong Kong;1;1;2;0;2
Clearnetworx;USA;1;1;2;0;2
Coast Capital Savings Credit Union;Canada;1;1;2;0;1
Colorado Central Telecom;USA;1;1;2;0;2
Conecttiva Telecom Ltda;Brazil;1;1;2;0;2
Conexao Networks Provedor de Internet;Brazil;1;1;2;0;2
Cortel LLC;Russia;1;1;2;0;2
County of Fresno;USA;1;1;2;0;2
County of Riverside;USA;1;0;2;0;2
Crevision S.A;Spain;1;1;2;0;2
Cronon Aktiengesellschaft;Germany;1;1;2;0;2
DM Wireless;Puerto Rico;1;1;2;0;2
#15E2;Turkey;1;1;1;0;1
#15E2;India;1;1;1;0;1
#203;USA;1;1;1;0;1
12 Global;USA;1;0;1;0;1
123 Net Cpt (pty) Ltd;South Africa;1;1;1;0;1
24 Shells;USA;1;1;1;0;1
2COM Co ltd;Russia;1;1;1;0;1
4 Less Communications;USA;1;1;1;0;1
469 Nakronsawan.Rd;Thailand;1;1;1;0;1
51/a Rachna Midas Gokulpeth;India;1;1;1;0;1
8 Shenton Way;Singapore;1;1;1;0;1
84.51 LLC;USA;1;1;1;0;1
A Albanes Garcia Tecnologia Ltda Me;Brazil;1;1;1;0;1
A C N Fiber Private Limited;India;1;1;1;0;1
A-Net Co;Thailand;1;1;1;0;1
A. P. Oliveira & Cia. Informatica Ltda;Brazil;1;1;1;0;1
ABAK;Czech Republic;1;1;1;0;1
ABCOM Shpk;Albania;1;1;1;0;1
ACE Insurance Singapore;Singapore;1;1;1;0;1
ACI informatica s.p.a;Italy;1;1;1;0;1
ACN DSL;Canada;1;1;1;0;1
ACT Government InTACT Group;Australia;1;1;1;0;1
AD Auto Total SRL;Romania;1;1;1;0;1
ADISTA SAS;France;1;1;1;0;1
ADLLink Provedor de Internet Via Radio LTDA;Brazil;1;1;1;0;1
ADP Private Limited;India;1;1;1;0;1
AG Telecom LTD;Azerbaijan;1;1;1;0;1
AKBANK TAS;Turkey;1;1;1;0;1
AL Zaytona Company For Communication Ltd;West Bank;1;1;1;0;1
ALBtelecom;Albania;1;1;1;0;1
ALFA-SYSTEM M. Piwowarski;Poland;1;1;1;0;1
ALIDA SRL;Italy;1;1;1;0;1
AMPM Telecom;Brazil;1;1;1;0;1
ANANET Telecomunicacoes e Informatica LTDA. ME;Brazil;1;1;1;0;1
ANGOSTURA VIDEO CABLE SA;Argentina;1;1;1;0;1
ANS Group Limited;UK;1;1;1;0;1
ANZ Banking Group;India;1;1;1;0;1
ANZ National Bank;New Zealand;1;1;1;0;1
AO Teleradiocompany Odintsovo;Russia;1;1;1;0;1
APHB Colony;India;1;1;1;0;1
ARZ Allgemeines Rechenzentrum GmbH;Austria;1;1;1;0;1
AXA Financial;USA;1;1;1;0;1
AbbVie;USA;1;1;1;0;1
Abc Telecom - Comunicacao Eireli;Brazil;1;1;1;0;1
Abissnet sh.a;Albania;1;1;1;0;1
Acantho S.p.a;Italy;1;1;1;0;1
Accademia Europea di Bolzano;Italy;1;1;1;0;1
Accenture LLP;UK;1;1;1;0;1
Accenture LLP;Philippines;1;1;1;0;1
Accenture LLP;European Union;1;1;1;0;1
Acer Telecomunicacoes ltda;Brazil;1;1;1;0;1
Activ8me;Australia;1;1;1;0;1
ActiveHost RU LLC;Russia;1;1;1;0;1
Acxiom Corporation;USA;1;1;1;0;1
Adams Telephone;USA;1;1;1;0;1
Adobe Systems Software Ireland Ltd;France;1;1;1;0;1
Advance Auto Parts;USA;1;1;1;0;1
Advanced Management Systems;New Zealand;1;1;1;0;1
Advanced Micro Devices;USA;1;1;1;0;1
Advanced Micro Devices;Canada;1;1;1;0;1
Advanced Micro Devices;India;1;1;1;0;1
Ae Corporate Services Co;USA;1;1;1;0;1
Affinion Group;USA;1;1;1;0;1
Afranet;Iran;1;1;1;0;1
Africell Uganda Ltd;Uganda;1;1;1;0;1
Agora TC Sp.z.o.o;Poland;1;1;1;0;1
Ahnlab;South Korea;1;1;1;0;1
Airenetworks S.L.U;Spain;1;1;1;0;1
Airnet Cable And Datacom Pvt;India;1;1;1;0;1
Airspeed Communications Unlimited Company;Ireland;1;1;1;0;1
Airstream Communications;USA;1;1;1;0;1
Airtech Internet Solutions Pvt;India;1;1;1;0;1
Airwir Technologies Private Limited;India;1;1;1;0;1
Akamai Technologies;USA;1;1;1;0;1
Akamai Technologies;Israel;1;1;1;0;1
Akamai Technologies;Saudi Arabia;1;1;1;0;1
Akuna Capital LLC;USA;1;1;1;0;1
Alands Telekommunikation Ab;Aland Islands;1;1;1;0;1
Alestra;Mexico;1;1;1;0;1
Alfa Financial Software Limited;UK;1;1;1;0;1
Algerie Telecom Mobile MOBILIS;Algeria;1;1;1;0;1
Algerie Telecom djaweb;Algeria;1;1;1;0;1
Alibaba;Singapore;1;1;1;0;1
Alien Dns Pvt;India;1;1;1;0;1
Alinta Asset Management Pty;Australia;1;1;1;0;1
AllSafe Sarl;Switzerland;1;1;1;0;1
Allay Nawroz Telecom Company for Communication/Ltd;Iraq;1;1;1;0;1
Allergan;USA;1;1;1;0;1
AllianceBernstein L.P;USA;1;1;1;0;1
Allianz Technology SE;Germany;1;1;1;0;1
Ally Financial;USA;1;1;1;0;1
Alphalink;France;1;1;1;0;1
Alteva;USA;1;1;1;0;1
Altibox AS;Denmark;1;1;1;0;1
Altruista Health;USA;1;1;1;0;1
AltusHost B.V;Republic of Serbia;1;1;1;0;1
Amarutu Technology Ltd;Other;1;1;1;0;1
Amazon;Ireland;1;1;1;0;1
Amazon;Singapore;1;1;1;0;1
Amazonia Telecomunicacoes Ltda;Brazil;1;1;1;0;1
Ameex Technologies Pvt;India;1;1;1;0;1
American Family Insurance;USA;1;1;1;0;1
Americatel Peru S.A;Peru;1;1;1;0;1
Ameriprise Financial Services;USA;1;1;1;0;1
Amit Net Telecom LTD;Israel;1;1;1;0;1
Amnet IT Services Pty;Australia;1;1;1;0;1
Amnet Telecomunicaciones S.A;Nicaragua;1;1;1;0;1
Ampernet Telecomunicacoes Ltda;Brazil;1;1;1;0;1
Angel Air Network Solutions Pvt;India;1;1;1;0;1
Anmax Telecom SpA;Chile;1;0;1;0;1
Anne Arundel County Govt;USA;1;1;1;0;1
Ansys;USA;1;1;1;0;1
Antietam Broadband;USA;1;1;1;0;1
AoNet Broadband;New Zealand;1;1;1;0;1
Apfutura Internacional Soluciones Sl;Spain;1;1;1;0;1
Apple;Japan;1;1;1;0;1
Apple;Hong Kong;1;1;1;0;1
Apple;China;1;1;1;0;1
ArcelorMittal Sistemas SA;Brazil;1;1;1;0;1
Arch U.S MI Services;USA;1;1;1;0;1
Area Science Park;Italy;1;0;1;0;1
Argonne National Lab;USA;1;1;1;0;1
Ari@net SRL;Italy;1;1;1;0;1
Ariba;USA;1;1;1;0;1
Arizona Public Service Company;USA;1;1;1;0;1
Arizona Tri University Network;USA;1;1;1;0;1
Arjun Infotech;India;1;1;1;0;1
Arkansas State University;USA;1;1;1;0;1
Arrow Electronics;USA;1;1;1;0;1
Aruba Networks;USA;1;1;1;0;1
Aruba S.p.A;Italy;1;1;1;0;1
Aruba SAS;France;1;1;1;0;1
As Sistemas Ltda;Brazil;1;1;1;0;1
Asan Pardakht Persian Private Stock;Iran;1;1;1;0;1
Asb Bank Limited;New Zealand;1;1;1;0;1
Ascena;USA;1;1;1;0;1
Ascension-wheaton;USA;1;1;1;0;1
Ashland Fiber Network;USA;1;1;1;0;1
Asia Pacific Telecom;Taiwan;1;1;1;0;1
Asiatech Data Transmission company;Iran;1;1;1;0;1
Asr-e Enteghal-e Dadeha Company (Private J.S.);Iran;1;1;1;0;1
Associated Food Stores;USA;1;1;1;0;1
Assurant;USA;1;1;1;0;1
Asurion Insurance Services;Japan;1;1;1;0;1
Atea A/S;Denmark;1;1;1;0;1
Atilio Marcos Marcari e Cia Ltda Me;Brazil;1;1;1;0;1
Atlanticare Health System;USA;1;0;1;0;1
Atlantique Telecom;Ivory Coast;1;1;1;0;1
Atlink Services;USA;1;1;1;0;1
Atos IT Services UK Ltd;UK;1;1;1;0;1
Aureon Network Services;USA;1;1;1;0;1
Auspice Infratel Pvt;India;1;1;1;0;1
Australian Energy Market Operator;Australia;1;1;1;0;1
Australian Taxation OAffice;Australia;1;1;1;0;1
AutoZone;USA;1;1;1;0;1
Availity;USA;1;1;1;0;1
Availo Networks AB;Sweden;1;1;1;0;1
Avatel & Wikiker Telecom S.L;Spain;1;1;1;0;1
Aviti ltd;Ukraine;1;1;1;0;1
Awaser Oman LLC;Oman;1;1;1;0;1
Axione S.a.s;France;1;1;1;0;1
AzFiberNet Ltd;Azerbaijan;1;1;1;0;1
BANDA LARGA UP;Brazil;1;1;1;0;1
BBN Technologies Corp;USA;1;1;1;0;1
BDBC-6;Canada;1;1;1;0;1
BGP ASN for Novartis Hyderabad office internet pee;India;1;1;1;0;1
BGPNET Global;Japan;1;1;1;0;1
BHP Billiton;Australia;1;1;1;0;1
BI WORLDWIDE;USA;1;1;1;0;1
BITCO;South Africa;1;1;1;0;1
BITFLUX;Nigeria;1;1;1;0;1
BJNET PROVEDOR DE INTERNET LTDA;Brazil;1;1;1;0;1
BLUE COAT SYSTEMS;Australia;1;1;1;0;1
BMC Software;USA;1;1;1;0;1
BMC Software India Pvt;India;1;1;1;0;1
BSE Software GmbH;Switzerland;1;1;1;0;1
BSH IT Solutions GmbH;Germany;1;1;1;0;1
BSkyB Broadband Ireland;Ireland;1;1;1;0;1
Bachmann electronic GmbH;Austria;1;1;1;0;1
Backbone Connect;UK;1;1;1;0;1
Balaji Services;India;1;1;1;0;1
BalsamWest FiberNET;USA;1;1;1;0;1
Balticom;Latvia;1;1;1;0;1
Balticum;Lithuania;1;1;1;0;1
Banca D'italia;Italy;1;1;1;0;1
Banca Monte Dei Paschi Di Siena S.P.A;Italy;1;0;1;0;1
Banco Bilbao Vizcaya Argentaria;Spain;1;1;1;0;1
Banco Bradesco SA;Brazil;1;1;1;0;1
Banco Popular;Puerto Rico;1;1;1;0;1
Banco do Estado do Rio Grande do Sul;Brazil;1;0;1;0;1
Bank Of Taiwan;Taiwan;1;1;1;0;1
Bank Polska Kasa Opieki S.A;Poland;1;1;1;0;1
Bank of America;India;1;1;1;0;1
Bank of America;Singapore;1;1;1;0;1
Bank of the West;USA;1;1;1;0;1
Banque Laurentienne du Canada;Canada;1;1;1;0;1
Baptist Healthcare System;USA;1;1;1;0;1
Baptist Memorial Health Care Corporation;USA;1;0;1;0;1
Barclays Capital;Hong Kong;1;1;1;0;1
Base64 Pty;Australia;1;1;1;0;1
Batelco;Bahrain;1;1;1;0;1
Bechtel Corporation;USA;1;1;1;0;1
Bel Air Internet;USA;1;1;1;0;1
Belize Telemedia Limited;Belize;1;1;1;0;1
Beltraonet Telecom;Brazil;1;1;1;0;1
Best Buy Canada;Canada;1;1;1;0;1
Bestgo.pl Sp. Z O.o;Poland;1;1;1;0;1
Bezek;Israel;1;0;1;0;1
Bhwani Cable and Broadband Services;India;1;1;1;0;1
BiKaDa TOO;Kazakhstan;1;1;1;0;1
Biazi Telecomunicacoes Ltda Epp;Brazil;1;1;1;0;1
Bigpipe;New Zealand;1;1;1;0;1
Bilink LLC;Ukraine;1;1;1;0;1
Birmingham City Council;UK;1;1;1;0;1
Biro Statistics;Indonesia;1;1;1;0;1
Bitpro;Norway;1;1;1;0;1
Bittium Technologies Oy;Finland;1;1;1;0;1
Bitwise Solutions Pvt;India;1;1;1;0;1
BlackBerry Limited;USA;1;1;1;0;1
BlackRock Financial Management;Singapore;1;1;1;0;1
Blade SAS;France;1;1;1;0;1
Blizzard Entertainment;USA;1;1;1;0;1
Blood Systems;USA;1;1;1;0;1
Blue Cross & Blue Shield of Minnesota;USA;1;1;1;0;1
Blue Cross Blue Shield Of Louisiana;USA;1;1;1;0;1
Blue Cross and Blue Shield of Alabama;USA;1;1;1;0;1
Blue Shield of California;USA;1;1;1;0;1
BlueCross BlueShield of Tennessee;USA;1;1;1;0;1
BlueMountain Capital Management;USA;1;1;1;0;1
Bluecrane;Uganda;1;1;1;0;1
Bnp Paribas S.A;Germany;1;1;1;0;1
Bnp Paribas S.A;UK;1;1;1;0;1
Bnp Paribas SA;Australia;1;1;1;0;1
Bnp Paribas SA;Asia-Pacific;1;1;1;0;1
Bolignet-Aarhus;Denmark;1;1;1;0;1
Boys Town;USA;1;1;1;0;1
Branch Enterprise Netgroup-Service;Ukraine;1;1;1;0;1
Brascloud Ltda - Me;Brazil;1;1;1;0;1
Bravo Telecom;Canada;1;1;1;0;1
Bremen Briteline GmbH;Germany;1;1;1;0;1
Brennercom S.p.A;Italy;1;1;1;0;1
Bretagne Telecom SAS;France;1;1;1;0;1
Bridgestone Americas;USA;1;1;1;0;1
Bridgewater Associates;USA;1;1;1;0;1
Brightsolid Online Technology Ltd;UK;1;1;1;0;1
Bristol City Council;UK;1;1;1;0;1
British Broadcasting Corporation;UK;1;1;1;0;1
Broad Net India Private Limited;India;1;0;1;0;1
BroadSoft;USA;1;1;1;0;1
Broadband Plus;Lebanon;1;1;1;0;1
Broadbandtech S. A;Argentina;1;1;1;0;1
Broadridge Customer Communications Canada;Canada;1;1;1;0;1
Bronson Healthcare Group;USA;1;1;1;0;1
Brown Brothers Harriman & Company;Poland;1;1;1;0;1
Brownsville Public Utilities Board;USA;1;1;1;0;1
Bryan Health;USA;1;0;1;0;1
Bundesamt fuer Finanzen;Germany;1;1;1;0;1
Bundesamt fuer Sicherheit in der Informationstechn;Germany;1;1;1;0;1
Burgasnet LTD;Bulgaria;1;0;1;0;1
Burlington Telecom;USA;1;1;1;0;1
Buroserv Australia Pty;Australia;1;1;1;0;1
C Spire;USA;1;1;1;0;1
CABLESAT S.A. DE C.V;El Salvador;1;1;1;0;1
CAC;Egypt;1;1;1;0;1
CAT Telecom Public Company Limited;Thailand;1;1;1;0;1
CDE nove tehnologije d.o.o;Slovenia;1;1;1;0;1
CETIN a.s;Czech Republic;1;0;1;0;1
CETRTAPOT;Slovenia;1;1;1;0;1
CGI Sverige AB;Sweden;1;1;1;0;1
CHINATELECOM JiangSu YangZhou IDC networkdescr: Ya;China;1;1;1;0;1
CHP Mediana-Servis;Ukraine;1;1;1;0;1
CJONLINE ISP India;India;1;1;1;0;1
CMA Consultoria Metodos Assessoria e Mercantil S/A;Brazil;1;1;1;0;1
CMG-ASN;USA;1;1;1;0;1
COLI Inc;USA;1;1;1;0;1
COMP-SHOP;Slovakia;1;0;1;0;1
CPB-Software (Austria) GmbH;Austria;1;1;1;0;1
CPRnet.pl;Poland;1;1;1;0;1
CS Technologies;USA;1;1;1;0;1
CSC Australia Pty;Australia;1;1;1;0;1
CSG Systems;USA;1;1;1;0;1
CSL Mobile;Hong Kong;1;1;1;0;1
CT Communications Network;USA;1;1;1;0;1
CV-Multimedia;Cape Verde;1;1;1;0;1
CVIN LLC;USA;1;1;1;0;1
CYNET;Cyprus;1;1;1;0;1
Cable Co-op;USA;1;1;1;0;1
Cable TV Elpos Ltd;Poland;1;1;1;0;1
Cajamar Caja Rural;Spain;1;1;1;0;1
California State Franchise Tax Board;USA;1;1;1;0;1
California State Teachers Retirement System (CalST;USA;1;1;1;0;1
California State University;USA;1;1;1;0;1
Cambodian Singmeng Telemedia Co;Cambodia;1;1;1;0;1
Canada Pension Plan Investment Board;Canada;1;1;1;0;1
Canadian National Railway;Canada;1;1;1;0;1
Cancer Treatment Centers of America;USA;1;1;1;0;1
Canon USA;USA;1;0;1;0;1
Capgemini Nederland B.V;Netherlands;1;1;1;0;1
Capgemini Technology Services India Limited;India;1;1;1;0;1
Capgemini U.S. LLC;USA;1;1;1;0;1
Capgemini U.S. LLC;Germany;1;1;1;0;1
Cargill;USA;1;1;1;0;1
CariNet;USA;1;1;1;0;1
Carnival Cruise Lines;USA;1;1;1;0;1
Carpathia Hosting;USA;1;1;1;0;1
Carrefour Systemes D'information;France;1;1;1;0;1
Cascadelink;USA;1;1;1;0;1
Cass Cable TV;USA;1;1;1;0;1
Cathay Pacific Airways;Hong Kong;1;1;1;0;1
Cato Networks Ltd;UK;1;1;1;0;1
Cato Networks Ltd;Austria;1;1;1;0;1
Cbeyond Communications;USA;1;1;1;0;1
Cbre;USA;1;1;1;0;1
Cecabank;Spain;1;1;1;0;1
Cedar Networks;USA;1;1;1;0;1
Cegeka NV;Netherlands;1;1;1;0;1
Cegeka NV;Belgium;1;1;1;0;1
Celeste SAS;France;1;1;1;0;1
Cello Group Limited;New Zealand;1;1;1;0;1
Center Prestadora Servicos S/C Ltda;Brazil;1;1;1;0;1
Central Informatics Organisation;Bahrain;1;1;1;0;1
Centre des technologies de l'information de l'Etat;Luxembourg;1;1;1;0;1
CentroSet Ltd;Russia;1;1;1;0;1
Centura Health Corporation;USA;1;1;1;0;1
Cerner Limited;UK;1;1;1;0;1
Certto Telecomunicacoes Ltda Epp;Brazil;1;1;1;0;1
Ceska sporitelna a.s;Czech Republic;1;1;1;0;1
Chaika Telecom Petersburg Limited Company;Russia;1;1;1;0;1
Chandra Digital Communications And Networks;India;1;1;1;0;1
Chevron;USA;1;1;1;0;1
Chevron;Australia;1;1;1;0;1
China Telecom Sichuan province Chengdu MAN network;China;1;1;1;0;1
China Unicom IP network;China;1;1;1;0;1
China Unicom Shannxi province network;China;1;0;1;0;1
ChoicePoint;USA;1;1;1;0;1
Choopa;Canada;1;1;1;0;1
Choopa;Australia;1;1;1;0;1
Choopa;Germany;1;1;1;0;1
Choopa;Netherlands;1;1;1;0;1
Chubu Telecommunications Company;Japan;1;1;1;0;1
ChunkyChips.net Limited;UK;1;1;1;0;1
Cifra1;Russia;1;1;1;0;1
Cifrova Kabelna Korporacia EOOD;Bulgaria;1;1;1;0;1
Cigna HLA Technology Services Company Ltd;UK;1;1;1;0;1
Cinemark Usa;USA;1;1;1;0;1
Cinia Oy;Finland;1;1;1;0;1
Cipherkey Exchange Corp;Canada;1;1;1;0;1
Cisco OpenDNS;UK;1;1;1;0;1
Cisco Systems Israel Ltd;Israel;1;1;1;0;1
Citadel Investment Group;USA;1;0;1;0;1
Citibank;Hong Kong;1;1;1;0;1
Citigroup;Mexico;1;1;1;0;1
Citizens Medical Center;USA;1;1;1;0;1
City of Bardstown;USA;1;1;1;0;1
City of Boise;USA;1;1;1;0;1
City of Chandler;USA;1;1;1;0;1
City of LaGrange;USA;1;1;1;0;1
City of Thomasville Utilities;USA;1;1;1;0;1
Citycom Telekommunikation GmbH;Austria;1;1;1;0;1
Civica UK Ltd;UK;1;1;1;0;1
Cl Online Network Technology Co;Russia;1;1;1;0;1
Clark County School District;USA;1;1;1;0;1
Clean Net Telecom Ltda;Brazil;1;1;1;0;1
Clemson University;USA;1;1;1;0;1
Clevernet GmbH;Germany;1;1;1;0;1
Cloud Valley Technology Limited;Hong Kong;1;1;1;0;1
Cloud Valley Technology Limited;China;1;1;1;0;1
Cloudflare Warp;USA;1;1;1;0;1
Cloudflare Warp;Canada;1;1;1;0;1
Cloudflare Warp;Russia;1;1;1;0;1
Cloudnet Communications Pvt;India;1;1;1;0;1
Cloudwifi;Canada;1;1;1;0;1
Clouvider Limited;Germany;1;1;1;0;1
Cn Care Network;Hong Kong;1;1;1;0;1
CoBank;USA;1;1;1;0;1
Coastal Broadband And Online Services Pvt;India;1;1;1;0;1
Coditel Brabant SPRL/BVBA;Belgium;1;1;1;0;1
Coextro;Canada;1;1;1;0;1
Cogeco Peer 1;Canada;1;1;1;0;1
Cogetel Online;Cambodia;1;1;1;0;1
Coles Group;Australia;1;1;1;0;1
Colocation America Corporation;USA;1;1;1;0;1
Colruyt Group Services NV;Belgium;1;1;1;0;1
Columbia Sportswear Company;USA;1;1;1;0;1
Columbus Communications Grenada;Grenada;1;1;1;0;1
Columbus Communications Trinidad Limited;Trinidad and Tobago;1;1;1;0;1
Com 2002;Spain;1;0;1;0;1
Comarch S.A;Poland;1;1;1;0;1
Comcel S.A;Colombia;1;1;1;0;1
Comfo LTD;Ukraine;1;0;1;0;1
Comfortel Ltd;Russia;1;1;1;0;1
Comline AG;Germany;1;1;1;0;1
Commerzbank Aktiengesellschaft;Germany;1;1;1;0;1
Commonwealth Bank of Australia;Australia;1;1;1;0;1
Commonwealth Bureau of Meteorology;Australia;1;1;1;0;1
Commonwealth of Massachusetts;USA;1;1;1;0;1
Communication Regulatory Authority;Iran;1;1;1;0;1
Communications & Power Industries;Canada;1;1;1;0;1
Community Communications Pty;Australia;1;1;1;0;1
Community Fibre Limited;UK;1;1;1;0;1
Community Hospitals;USA;1;0;1;0;1
CommunityAmerica Credit Union;USA;1;1;1;0;1
Compagnie Francaise d'Assurance pour le Commerce E;France;1;1;1;0;1
Completel SAS;France;1;1;1;0;1
Computer Engineering & Consulting;Japan;1;1;1;0;1
Computer Sciences Corporation;Australia;1;1;1;0;1
Comtrade programske resitve d.o.o;Slovenia;1;1;1;0;1
Comunicacoes Multimedia;Mozambique;1;1;1;0;1
Conchalnet Telecomunicacoes LTDA - ME;Brazil;1;1;1;0;1
Condornet;Slovakia;1;1;1;0;1
Conection Servicos De Valor Adicionado Ltda;Brazil;1;1;1;0;1
Conectmais Comunicacoes Ltda;Brazil;1;1;1;0;1
Connect LLC;Azerbaijan;1;1;1;0;1
Connect plus s.r.o;Czech Republic;1;1;1;0;1
Connectvy Telecomunicacoes Ltda;Brazil;1;1;1;0;1
ConocoPhillips Company;USA;1;1;1;0;1
ConocoPhillips Company;Australia;1;0;1;0;1
Conseco Companies;USA;1;1;1;0;1
Consolidated Edison Co. of New York;USA;1;1;1;0;1
Consolidated Telephone Co;USA;1;1;1;0;1
Contabo GmbH;Germany;1;1;1;0;1
Conterra;USA;1;1;1;0;1
Converge Information And Communications Technology;Philippines;1;1;1;0;1
Convergenze S.p.A;Italy;1;1;1;0;1
Convergys Corporation;USA;1;1;1;0;1
Conway Corporation;USA;1;1;1;0;1
Cook County;USA;1;1;1;0;1
Cooolbox SA;Bulgaria;1;1;1;0;1
Cooperative de cablodistribution de l'arriere-pays;Canada;1;1;1;0;1
Copenhagen Airports A/S;Denmark;1;1;1;0;1
Coriolis Telecom SAS;France;1;1;1;0;1
Corporacion Telemic C.A;Venezuela;1;0;1;0;1
Corporate One Federal Credit;USA;1;1;1;0;1
Corporation Service Company;USA;1;1;1;0;1
Corporation of the Presiding Bishop of the Church;USA;1;1;1;0;1
Costar Group;USA;1;1;1;0;1
County of Santa Cruz;USA;1;1;1;0;1
Cox Enterprises;USA;1;1;1;0;1
Craze It Solutions Pvt;India;1;1;1;0;1
Credit Agricole S.A;France;1;1;1;0;1
Crnogorski Telekom a.d.Podgorica;Montenegro;1;1;1;0;1
Croatian Academic and Research Network;Croatia;1;1;1;0;1
Cronomagic Canada;Canada;1;1;1;0;1
Cvent India Pvt;India;1;1;1;0;1
Cybercon;USA;1;0;1;0;1
Cznet s.r.o;Czech Republic;1;1;1;0;1
D Elektronik Sans Oyunlari Ve Yayincilik A.s;Turkey;1;1;1;0;1
D&H Distributing Company;USA;1;1;1;0;1
DATAK Internet Engineering;Iran;1;1;1;0;1
DATEV eG;Germany;1;1;1;0;1
DIGI;Spain;1;1;1;0;1
DLIVE;South Korea;1;1;1;0;1
DRW Holdings;USA;1;1;1;0;1
DSI DATA;Slovakia;1;1;1;0;1
DSI GmbH Daten Service Informationssysteme;Germany;1;1;1;0;1
DSTL-2;USA;1;1;1;0;1
DSV A/S;USA;1;1;1;0;1